creator,title
Edwin A. Abbott,Flatland: A Romance of Many Dimensions
Kobo Abe,The Box Man: A Novel
Kobo Abe,The Woman in the Dunes
"Harold Abelson, Gerald Jay Sussman",Structure and Interpretation of Computer Programs - 2nd Edition
Chinua Achebe,Arrow of God
Chinua Achebe,No Longer at Ease
Chinua Achebe,Things Fall Apart
J. L. Ackrill,Aristotle the Philosopher
Paul Adams,Grouped: How small groups of friends are the key to influence on the social web
Chimamanda Ngozi Adichie,We Should All Be Feminists
Aravind Adiga,Last Man in Tower
Aravind Adiga,The White Tiger: A Novel
Theodor Adorno,Minima Moralia: Reflections from Damaged Life
"Aeschylus, David Grene, Richmond Lattimore","Aeschylus I: Oresteia: Agamemnon, The Libation Bearers, The Eumenides"
Gul Agha,Actors: A Model of Concurrent Computation in Distributed Systems
Josef Albers,Interaction of Color
"Jim Albert, Jay Bennett","Curve Ball: Baseball, Statistics, and the Role of Chance in the Game"
"Carl Albing, JP Vossen, Cameron Newham",bash Cookbook: Solutions and Examples for bash Users (Cookbooks (O'Reilly))
"Paul Albitz, Cricket Liu",DNS and BIND
Nelson Algren,The Last Carousel
"Nelson Algren, William J. Savage Jr., Daniel Simon",The Man with the Golden Arm (50th Anniversary Edition): 50th Anniversary Critical Edition
Dante Alighieri,The Inferno
Dante Alighieri,The Inferno
"Teresa Amabile, Steven Kramer","The Progress Principle: Using Small Wins to Ignite Joy, Engagement, and Creativity at Work"
Scott W. Ambler,The Elements of UML(TM) 2.0 Style
Kingsley Amis,The Alteration
Kingsley Amis,The Green Man
Henri Troyat Translated By Nancy Amphoux.,Tolstoy a Biography.
Jean Anouilh,Antigone
Jean Anouilh,"Ardele ou la marguerite, suivi de La valse des toréadors"
Jean Anouilh,Ornifle Ou le Courant d'Air
Jean Anouilh,Pauvre Bitos
Dan Ariely,"Predictably Irrational, Revised and Expanded Edition: The Hidden Forces That Shape Our Decisions"
Joe Armstrong,Programming Erlang: Software for a Concurrent World
Isaac Asimov,Forward the Foundation
Isaac Asimov,Foundation
Isaac Asimov,Foundation and Earth
Isaac Asimov,Foundation and Empire
Isaac Asimov,Foundation's Edge
Isaac Asimov,"Isaac Asimov: The Complete Stories, Vol. 1"
Isaac Asimov,Second Foundation
Reza Aslan,Zealot: The Life and Times of Jesus of Nazareth
Margaret Atwood,The Blind Assassin: A Novel
Margaret Atwood,The Handmaid's Tale
Margaret Atwood,MaddAddam
Margaret Atwood,Oryx and Crake
Margaret Atwood,Stone Mattress: Nine Tales
Margaret Atwood,The Year of the Flood
Paul Auster,Auggie Wren's Christmas Story
Paul Auster,City of Glass: The Graphic Novel
Paul Auster,Hand to Mouth: A Chronicle of Early Failure
Paul Auster,The Music of Chance
Paul Auster,The Red Notebook: True Stories
Michael Azerrad,Our Band Could Be Your Life: Scenes from the American Indie Underground 1981-1991
Paolo Bacigalupi,Pump Six and Other Stories
Paolo Bacigalupi,The Water Knife: A novel
Paolo Bacigalupi,The Windup Girl
"M. M. Bakhtin, Michael Holquist",The Dialogic Imagination: Four Essays
J. G. Ballard,The Day of Creation: A Novel
J. G. Ballard,Super-Cannes: A Novel
J. G. Ballard,A User's Guide to the Millennium: Essays and Reviews
Honoré de Balzac,Selected Short Stories
Honoré de Balzac,The Wild Ass's Skin
Honoré De Balzac,Le Pere Goriot
Iain M. Banks,The State of the Art
Russell Banks,The Angel on the Roof: The Stories of Russell Banks
Russell Banks,Cloudsplitter: A Novel
Albert-Laszlo Barabasi,"Linked: How Everything Is Connected to Everything Else and What It Means for Business, Science, and Everyday Life"
Sylvan Barnet,A Short Guide to Writing About Art
John Barth,The Floating Opera and The End of the Road
John Barth,Lost in the Funhouse
John Barth,On with the Story: Stories
John Barth,The Sot-Weed Factor
John Barth,The Tidewater Tales
Donald Barthelme,Sixty Stories
Frederick and Steven Barthelme,Double Down: Reflections on Gambling and Loss
Roland Barthes,Image-Music-Text
Roland Barthes,Lecon
Roland Barthes,Mythologies
Thomas A. Bass,The Eudaemonic Pie
Thomas A. Bass,The Predictors: How a Band of Maverick Physicists Used Chaos Theory to Trade Their Way to a Fortune on Wall Street
Thomas A. Bass,The Spy Who Loved Us: The Vietnam War and Pham Xuan An's Dangerous Game
Georges Bataille,Literature and Evil
Georges Bataille,Theory of Religion
John Battelle,The Search: How Google and Its Rivals Rewrote the Rules of Business and Transformed Our Culture
Elif Batuman,The Idiot: A Novel
Jean-Dominique Bauby,Le Scaphandre et le papillon
"Charles Baudelaire, James McGowan",The Flowers of Evil
Greg Bear,Eon
"Samuel Beckett, S. E. Gontarski","The Complete Short Prose of Samuel Beckett, 1929-1989"
"Samuel Beckett, Ruby Cohn",Disjecta: Miscellaneous Writings and a Dramatic Fragment
Samuel Beckett,Dream of Fair to Middling Women
Samuel Beckett,En Attendant Godot
Samuel Beckett,Endgame: A Play
Samuel Beckett,Ends & Odds
Samuel Beckett,"Krapp's Last Tape and Other Dramatic Pieces: Includes: All That Fall; Embers; Acts Without Words, I and II; Mimes"
Samuel Beckett,Molloy
Samuel Beckett,Molloy by Samuel Beckett
Samuel Beckett,More Pricks Than Kicks
Samuel Beckett,Murphy
Samuel Beckett,Oh Les Beaux Jours
Samuel Beckett,"Three Novels: Molloy, Malone Dies, The Unnamable"
Samuel Beckett,Waiting for Godot: A Tragicomedy in Two Acts
Samuel Beckett,Watt
Aphra Behn,"Oroonoko, the Rover, and Other Works"
Derrick Bell,Faces At The Bottom Of The Well: The Permanence Of Racism
Saul Bellow,Henderson the Rain King
Saul Bellow,Mr. Sammler's Planet
Mordechai Ben-Ari,Mathematical Logic for Computer Science
"Marc Benioff, Carlye Adler",Behind the Cloud: The Untold Story of How Salesforce.com Went from Idea to Billion-Dollar Company-and Revolutionized an Industry
Walter Benjamin,Great Ideas the Work of Art in the Age of Mechanical Reproduction
John Berger,The Shape of a Pocket
John Berger,Ways of Seeing: Based on the BBC Television Series
Megan Mayhew Bergman,Almost Famous Women: Stories
Henri Bergson,Matter and Memory
"George Berkeley, Robert Merrihew Adams",Three Dialogues Between Hylas and Philonous
Robert F. Berkhofer,The White Man's Indian: Images of the American Indian from Columbus to the Present
Leslie Berlin,The Man Behind the Microchip: Robert Noyce and the Invention of Silicon Valley
Lucia Berlin,So Long: Stories 1987-1992
Peter L. Bernstein,Against the Gods: The Remarkable Story of Risk
Jacques Bertin,"Semiology of Graphics: Diagrams, Networks, Maps"
"Ambrose Bierce, Ernest Jerome Hopkins",The Complete Short Stories of Ambrose Bierce
Nick Bilton,"Hatching Twitter: A True Story of Money, Power, Friendship, and Betrayal"
"Kenneth H. Blanchard, Spencer Johnson",The One Minute Manager
Joshua Bloch,Effective Java: Programming Language Guide
Judy Blume,In the Unlikely Event
Martin Booth,A Very Private Gentleman: A Novel
Jorge Luis Borges,The Book of Imaginary Beings
"Jorge Luis Borges, Andrew Hurley",The Book of Sand and Shakespeare's Memory
"Jorge Luis Borges, Andrew Hurley",Brodie's Report
Jorge Luis Borges,Dreamtigers
"Jorge Luis Borges, Martín Arias, Martín Hadis",Professor Borges: A Course On English Literature
Jorge Luis Borges,Seven Nights
"Jorge Luis Borges, Andrew Hurley",A Universal History of Iniquity
Alain De Botton,The Consolations of Philosophy
"Daniel P. Bovet, Marco Cesati","Understanding the Linux Kernel, Third Edition"
John D. Boyd,A College Poetics
Ray Bradbury,One More for the Road
Ray Bradbury,A Sound of Thunder and Other Stories
Ray Bradbury,The Stories of Ray Bradbury
"Anna Branning, Mara Murphy, Dutch Door Press",Birds and Blooms of the 50 States
Richard Brautigan,Revenge of the Lawn
Richard Brautigan,"Richard Brautigan: A Confederate General from Big Sur, Dreaming of Babylon, and  the Hawkline Monster"
Stephen Breyer,Active Liberty: Interpreting Our Democratic Constitution
Max Brod,Tycho Brahe's Path to God: A Novel
Frederick P. Brooks Jr.,"The Mythical Man-Month: Essays on Software Engineering, Anniversary Edition"
Brené Brown,"Daring Greatly: How the Courage to Be Vulnerable Transforms the Way We Live, Love, Parent, and Lead"
Dan Brown,The Lost Symbol
Dee Brown,Bury My Heart at Wounded Knee: An Indian History of the American West
Margaret Wise Brown,The Color Kittens
Erik Brunetti,FUCT
"John Bryant, Chris Sangwin",How Round Is Your Circle?: Where Engineering and Mathematics Meet
Mark Buchanan,Nexus: Small Worlds and the Groundbreaking Science of Networks
Stephen Budiansky,The Covenant of the Wild: Why Animals Chose Domestication
Charles Bukowski,"Burning in Water, Drowning in Flame"
Charles Bukowski,Notes of a Dirty Old Man
"Charles Bukowski, Gail Chiarrello",Tales of Ordinary Madness
Thomas Bulfinch,"Bulfinch's Mythology: The Age of Fable, The Age of Chivalry, Legends of Charlemagne"
"Tim Bunce, Alligator Descartes",Programming the Perl DBI: Database programming with Perl
"Bryan Burrough, John Helyar",Barbarians at the Gate: The Fall of RJR Nabisco
William S. Burroughs,Cities of the Red Night: A Novel
William S. Burroughs,Junky
William S. Burroughs,Naked Lunch
William S. Burroughs,The Soft Machine
Octavia E. Butler,Lilith's Brood
Italo Calvino,The Baron In The Trees
Italo Calvino,The Castle of Crossed Destinies
Italo Calvino,Cosmicomics
Italo Calvino,Difficult Loves
Italo Calvino,If on a Winter's Night a Traveler
Italo Calvino,Invisible Cities
Italo Calvino,Mr. Palomar
Italo Calvino,Numbers in the Dark: And Other Stories
Italo Calvino,The Path to the Spiders' Nests: Revised Edition
Italo Calvino,t zero
Italo Calvino,Under the Jaguar Sun
Italo Calvino,The Watcher and Other Stories
Albert Camus,La Chute
Albert Camus,The Fall
Albert Camus,L'Exil Et le Royaume
Albert Camus,The Myth of Sisyphus and Other Essays
Albert Camus,La Peste
Albert Camus,The Stranger
Rod Canion,Open: How Compaq Ended IBM's PC Domination and Helped Invent Modern Computing
E. Ray Canterbery,A Brief History of Economics: Artful Approaches to the Dismal Science
Orson Scott Card,Xenocide: Volume Three of the Ender Quintet
Peter Carey,Fat Man in History
Peter Carey,Illywhacker
Peter Carey,Jack Maggs: A Novel
Robert A. Caro,Master Of The Senate: The Years of Lyndon Johnson
Robert A. Caro,Means of Ascent
Robert A. Caro,The Passage of Power: The Years of Lyndon Johnson
Robert A. Caro,The Path to Power
Robert A. Caro,The Power Broker: Robert Moses and the Fall of New York
John le Carré,Call for the Dead: A George Smiley Novel
John le Carré,The Honourable Schoolboy
John le Carré,A Legacy of Spies: A Novel
John le Carré,The Looking Glass War: A George Smiley Novel
John le Carré,A Most Wanted Man: A Novel
John le Carré,The Naïve and Sentimental Lover: A Novel
John le Carré,Our Kind of Traitor: A Novel
John le Carré,A Perfect Spy: A Novel
John le Carré,A Small Town in Germany: A Novel
John le Carré,Smiley's People: A George Smiley Novel
John le Carré,The Spy Who Came in from the Cold: A George Smiley Novel
John le Carré,"Tinker, Tailor, Soldier, Spy: A George Smiley Novel"
John Carreyrou,Bad Blood: Secrets and Lies in a Silicon Valley Startup
Scott Carrier,Running After Antelope
"Ed Catmull, Amy Wallace","Creativity, Inc.: Overcoming the Unseen Forces That Stand in the Way of True Inspiration"
Louis Ferdin Celine,Mort a Credit
Louis-Ferdinand D. Celine,Guignol's Band: Novel
Aime Cesaire,Cahier d'un Retour au Pays Natal
Michael Chabon,The Amazing Adventures of Kavalier & Clay
Michael Chabon,The Final Solution: A Story of Detection
Michael Chabon,The Yiddish Policemen's Union
Vikram Chandra,Love and Longing in Bombay: Stories
Vikram Chandra,Sacred Games: A Novel
"David A. Chappell, Tyler Jewell",Java Web Services: Using Java in Service-Oriented Architectures
Satishchandra Chatterjee,Introduction to Indian Philosophy
Arun Chaudhary,First Cameraman: Documenting the Obama Presidency in Real Time
John Cheever,Bullet Park
John Cheever,The Stories of John Cheever
"John Cheever, Franklin H. Dennis",Thirteen Uncollected Stories By John Cheever
Ted Chiang,The Lifecycle of Software Objects
Ted Chiang,Stories of Your Life & Others
"Kristina Chodorow, Michael Dirolf",MongoDB: The Definitive Guide
Neil A. Chriss,Black-Scholes and Beyond: Option Pricing Models
Clayton M. Christensen,The Innovator's Dilemma: The Revolutionary Book that Will Change the Way You Do Business
"Tom Christiansen, Randal L. Schwartz, Larry Wall",Programming Perl
Adam Christopher,Empire State
Mark C. Chu-Carroll,"Good Math: A Geek's Guide to the Beauty of Numbers, Logic, and Computation"
Robert B. Cialdini,"Influence: The Psychology of Persuasion, Revised Edition"
Helen Cixous,Manna for the Mandelstams for the Mandelas
Susanna Clarke,Jonathan Strange and Mr Norrell
Les Claypool,South of the Pumphouse
Ernest Cline,Ready Player One: A Novel
Hillary Rodham Clinton,Hard Choices: A Memoir
Hillary Rodham Clinton,What Happened
Ta-Nehisi Coates,Between the World and Me
Ta-Nehisi Coates,Black Panther: A Nation Under Our Feet Book 1
Andrei Codrescu,Zombification: Stories from National Public Radio
Leonard Cohen,Beautiful Losers
"Colette, Robert Phelps",Earthly Paradise: An Autobiography of Colette Drawn from Her Lifetime Writings
"Jim Collins, Jerry I. Porras",Built to Last: Successful Habits of Visionary Companies
Maryse Conde,Traversee de la Mangrove
Benjamin Constant,Adolphe
Alan Cooper,About Face: The Essentials of User Interface Design
COPI,Symbolic Logic
"Le Corbusier, Clemens Kroll, Arno Lederer",Chandigarh: Living with Le Corbusier
"Thomas H. Cormen, Charles E. Leiserson, Ronald L. Rivest, Clifford Stein","Introduction to Algorithms, 3rd Edition"
"Corneille, Christian Gouillart",Les Classiques Larousse: Horace
Julio Cortazar,Blow-Up: And Other Stories
Julio Cortazar,Hopscotch: A Novel
Douglas Coupland,Microserfs
"Michael Crichton, Richard Preston",Micro: A Novel
Angus Croll,If Hemingway Wrote JavaScript
Ron Currie,Everything Matters!: A Novel
Haskell B. Curry,Foundations of Mathematical Logic
Mark Z. Danielewski,House of Leaves
Ian F. Darwin,Java Cookbook: Solutions and Examples for Java Developers
"Sanjoy Dasgupta, Christos Papadimitriou, Umesh Vazirani",Algorithms
Guy Davenport,7 Greeks
Guy Davenport,Da Vinci's Bicycle: Ten Stories
Guy Davenport,The Death of Picasso: New and Selected Writing
Guy Davenport,The Geography of the Imagination: Forty Essays
Guy Davenport,The Hunter Gracchus: And Other Papers on Literature and Art
Guy Davenport,Twelve Stories
Professor Guy Davenport,The Jules Verne Steam Balloon
Martin Davis,Engines of Logic: Mathematicians and the Origin of the Computer
Prof. Martin Davis,Computability and Unsolvability
Samuel R. Delany,Dhalgren
Don Delillo,Ratner's Star
Don DeLillo,Mao II: A Novel
Don DeLillo,White Noise
"Tom DeMarco, Tim Lister",Peopleware: Productive Projects and Teams
Daniel C. Dennett,Brainchildren: Essays on Designing Minds
Daniel C. Dennett,Brainstorms: Philosophical Essays on Mind and Psychology
"Jacques Derrida, Peggy Kamuf",A Derrida Reader: Between the Blinds
Rene Descartes,"Discourse on Method and Meditations on First Philosophy, 4th Ed."
"Rene Descartes, Benedict de Spinoza, Gottfried Wilhelm Vo Leibniz",The Rationalists: Descartes: Discourse on Method & Meditations; Spinoza: Ethics; Leibniz: Monadology & Discourse on Metaphysics
"Philip K. Dick, Jonathan Lethem",Philip K. Dick: Four Novels of the 1960s
Charles Dickens,David Copperfield
Charles Dickens,Great Expectations
Charles Dickens,A Tale of Two Cities
Colin Dickey,Cranioklepty: Grave Robbing and the Search for Genius
Franklin W. Dixon,The Secret of Wildcat Swamp
Cory Doctorow,Down and Out in the Magic Kingdom
Cory Doctorow,Eastern Standard Tribe
Cory Doctorow,Information Doesn't Want to Be Free: Laws for the Internet Age
Cory Doctorow,Makers
Cory Doctorow,Overclocked: Stories of the Future Present
Cory Doctorow,A Place So Foreign and Eight More
"Cory Doctorow, Charles Stross","The Rapture of the Nerds: A tale of the singularity, posthumanity, and awkward social situations"
Cory Doctorow,"Someone Comes to Town, Someone Leaves Town"
Wendy Doniger,The Hindus: An Alternative History
Fyodor Dostoyevsky,The Brothers Karamazov
Arthur Conan Doyle,The Original Illustrated Sherlock Holmes
Peter F. Drucker,The Effective Executive: The Definitive Guide to Getting the Right Things Done
Lena Dunham,"Not That Kind of Girl: A Young Woman Tells You What She's ""Learned"""
Mark Dunn,Ella Minnow Pea: A Novel in Letters
George Dyson,Turing's Cathedral: The Origins of the Digital Universe
David Eagleman,Sum: Forty Tales from the Afterlives
Terry Eagleton,Literary Theory: An Introduction
Umberto Eco,Baudolino
Umberto Eco,Foucault's Pendulum
"Umberto Eco, Diane Sterling, William Weaver",How to Travel with a Salmon & Other Essays
Umberto Eco,The Island of the Day Before
Umberto Eco,The Name of the Rose
Umberto Eco,Numero Zero
Umberto Eco,The Prague Cemetery
Umberto Eco,Serendipities: Language and Lunacy
Greg Egan,Axiomatic: Short Stories of Science Fiction
Dave Eggers,The Circle
Chris Elliott,The Shroud of the Thwacker
Richard Ellmann,James Joyce
James Ellroy,Destination: Morgue!: L.A. Tales
Joshua Engel,Programming for the Java¿ Virtual Machine
"Benjamin J Evans, David Flanagan",Java in a Nutshell: A Desktop Quick Reference
Philip Jose Farmer,The Dark Design
Philip Jose Farmer,The Magic Labyrinth
Philip Jose Farmer,Riverworld: Including To Your Scattered Bodies Go & The Fabulous Riverboat
Stefan Fatsis,"Word Freak: Heartbreak, Triumph, Genius, and Obsession in the World of Competitive Scrabble Players"
William Faulkner,"Absalom, Absalom!"
William Faulkner,As I Lay Dying: The Corrected Text
"William Faulkner, Noel Polk",Light in August
William Faulkner,Sanctuary
William Faulkner,The Sound and the Fury
John Feinstein,A Good Walk Spoiled: Days and Nights on the PGA Tour
Adam Felber,Schrodinger's Ball: A Novel by Adam Felber
"Nicholas Felton, Sven Ehmann, Robert Klanten",Photoviz: Visualizing Information through Photography
"Charles Ferguson, Charles H. Ferguson","High Stakes, No Prisoners : A Winner's Tale of Greed and Glory in the Internet Wars"
Niall Ferguson,The Ascent of Money: A Financial History of the World
Niall Ferguson,Civilization: The West and the Rest
Niall Ferguson,Colossus: The Rise and Fall of the American Empire
Niall Ferguson,The Great Degeneration: How Institutions Decay and Economies Die
"Richard P. Feynman, Ralph Leighton","""What Do You Care What Other People Think?"": Further Adventures of a Curious Character"
"Richard P. Feynman, Robert B. Leighton, Matthew Sands",Six Easy Pieces: Essentials of Physics Explained by Its Most Brilliant Teacher
"Joseph Fink, Jeffrey Cranor",Welcome to Night Vale: A Novel
William Finnegan,Barbarian Days: A Surfing Life
F. Scott Fitzgerald,The Great Gatsby
F. Scott Fitzgerald,The Love of the Last Tycoon
F. Scott Fitzgerald,Tender Is the Night
F. Scott Fitzgerald,This Side of Paradise
Gary William Flake,"The Computational Beauty of Nature: Computer Explorations of Fractals, Chaos, Complex Systems, and Adaptation"
"David Flanagan, Brett McLaughlin",Java 5.0 Tiger: A Developer's Notebook
David Flanagan,JavaScript: The Definitive Guide: Activate Your Web Pages
Gustave Flaubert,Trois Contes (Folio (Gallimard)) (French Edition)
Ian Fleming,Octopussy and The Living Daylights
Wan Fokkink,Distributed Algorithms: An Intuitive Approach
Paul Ford,"Gary Benchley, Rock Star by Paul Ford"
Chad Fowler,The Passionate Programmer: Creating a Remarkable Career in Software Development
"Martin Fowler, Kent Beck, John Brant, William Opdyke, Don Roberts",Refactoring: Improving the Design of Existing Code
Anatole France,THE CRIME OF SYLVESTRE BONNARD by ANATOLE FRANCE
Gottlob Frege,The Foundations of Arithmetic: A Logico-Mathematical Enquiry into the Concept of Number
Thomas L. Friedman,The World Is Flat 3.0: A Brief History of the Twenty-first Century
François Furet,Revolutionary France 1770-1880
Jostein Gaarder,Sophie's World: A Novel About the History of Philosophy
Neil Gaiman,American Gods: A Novel
Neil Gaiman,Anansi Boys
"Neil Gaiman, Terry Pratchett","Good Omens: The Nice and Accurate Prophecies of Agnes Nutter, Witch"
Neil Gaiman,Neverwhere
Neil Gaiman,The Ocean at the End of the Lane: A Novel
Neil Gaiman,Stardust
"Neil Gaiman, Al Sarrantonio",Stories: All-New Tales
Martin Gardner,My Best Mathematical and Logic Puzzles
Alan Garner,Red Shift
"Justin Gehtland, Ben Galbraith, Dion Almaer",Pragmatic Ajax: A Web 2.0 Primer
Jean Genet,The Balcony
Jean Genet,Funeral Rites
"Jean Genet, ",Journal Du Voleur
Jean Genet,Les Nègres
Jean Genet,Our Lady of the Flowers
Jean Genet,The Theif's Journal
Elizabeth George,Believing the Lie
Elizabeth George,A Great Deliverance
Elizabeth George,Payment in Blood
Elizabeth George,Playing for the Ashes
Elizabeth George,A Suitable Vengeance
Elizabeth George,Well-Schooled in Murder
"Edward Gibbon, ",The Decline and Fall of the Roman Empire. One Volume Abridged Edition By D. M. Low.
William Gibson,All Tomorrow's Parties
William Gibson,Burning Chrome
William Gibson,Count Zero
William Gibson,The Difference Engine
William Gibson,Distrust That Particular Flavor
William Gibson,Idoru
William Gibson,Mona Lisa Overdrive
William Gibson,Neuromancer
William Gibson,Pattern Recognition
William Gibson,The Peripheral
William Gibson,Spook Country
William Gibson,Virtual Light
William Gibson,Zero History
Allen Ginsberg,Howl and Other Poems
Ronen Givony,Jawbreaker's 24 Hour Revenge Therapy
Malcolm Gladwell,Blink: The Power of Thinking Without Thinking
Malcolm Gladwell,Outliers: The Story of Success
Malcolm Gladwell,The Tipping Point: How Little Things Can Make a Big Difference
James Gleick,"The Information: A History, a Theory, a Flood"
Bob Glickstein,Writing GNU EMACs Extensions
"Robert J. Glushko, Tim McGrath",Document Engineering: Analyzing and Designing Documents for Business Informatics and Web Services
Seth Godin,All Marketers are Liars: The Underground Classic That Explains How Marketing Really Works--and Why Authenticity Is the Best Marketing of All
Seth Godin,"Purple Cow, New Edition: Transform Your Business by Being Remarkable"
Nikolai Gogol,The Overcoat and Other Short Stories
Arthur Golden,Memoirs of a Geisha: A Novel
William Golding,Lord of the Flies
Jonathan Goldstein,Lenny Bruce is Dead
Rebecca Goldstein,Incompleteness: The Proof and Paradox of Kurt Godel
Richard E. Goodkin,Around Proust
Angelica Gorodischer,Trafalgar
"David Gourley, Brian Totty, Marjorie Sayer, Anshu Aggarwal, Sailu Reddy",HTTP: The Definitive Guide
Robert B. Grady,Practical Software Metrics for Project Management and Process Improvement
Brandon Graham,King City
Kenneth Grahame,The Wind in the Willows
Steve Grand,Creation: Life and How to Make It
Gunter Grass,The Danzig Trilogy
Gunter Grass,The Flounder
Gunter Grass,Local Anaesthetic
Gunter Grass,Two States--One Nation?
Günter Grass,My Century: A Novel
Graham Greene,The Ministry of Fear: An Entertainment
Graham Greene,Our Man in Havana: An Entertainment
Graham Greene,The Third Man
Philip Greenspun,Philip & Alex's Guide to Web Publishing
Dr. John Gribbin,The Birth of Time: How Astronomers Measured the Age of the Universe
Alain Robbe Grillet,Les Gommes
"Richard Grimmett, Carol Inskipp, Tim Inskipp","Birds of India, Pakistan, Nepal, Bangladesh, Bhutan, Sri Lanka and the Maldives"
John Grisham,The Associate: A Novel
"Alexander Grosse, David Loftesness",Scaling Teams: Strategies for Building Successful Teams and Organizations
Lev Grossman,The Magicians: A Novel
Sara Gruen,Water for Elephants: A Novel
Ursula  K. Le Guin,The Lathe Of Heaven: A Novel
Ursula K. Le Guin,The Left Hand of Darkness
J. Richard Hackman,Leading Teams: Setting the Stage for Great Performances
Mark Haddon,The Curious Incident of the Dog in the Night-Time
"Ernest F. Haeussler, Richard P. Paul, Tech Laurel Technical Services, Ernest F Haeussler, Richard S. Paul, Tech Laurel","Introductory Mathematical Analysis for Business, Economics and Life and Social Sciences"
Joe Haldeman,The Forever War
"Stuart Halloway, Aaron Bedra",Programming Clojure
"Stuart Halloway, Justin Gehtland",Rails for Java Developers
Dag Hammarskjold,Markings
Tom Hanks,Uncommon Type: Some Stories
Morten Hansen,"Collaboration: How Leaders Avoid the Traps, Build Common Ground, and Reap Big Results"
Thomas Hardy,Far from the Madding Crowd
Thomas Hardy,The Return of the Native
Thomas Hardy,Tess of the D'Urbervilles
Robert M Harnish,Basic Topics in the Philosophy of Language
Jeffrey Hasan,Expert Service-Oriented Architecture in C#: Using the Web Services Enhancements 2.0
John Hawkes,The Cannibal
John Hawkes,The Lime Twig: A Novel
John Hawkes,Travesty
Robert A. Heinlein,The Moon Is a Harsh Mistress
Joseph Heller,Good As Gold
Mark Helprin,Memoir From Antproof Case
Mark Helprin,Winter's Tale
Ernest Hemingway,A Farewell To Arms
Ernest Hemingway,For Whom the Bell Tolls
Ernest Hemingway,The Short Stories: The First Forty-nine Stories with a Brief Preface by the Author
Ernest Hemingway,The Sun Also Rises
Frank Herbert,The Dosadi Experiment
Herodotus,Herodotus: The History
Michael Herr,Dispatches
"Vincent P. Heuring, Harry F. Jordan",Computer Systems Design and Architecture
"Curt Hibbs, Steve Jewett, Mike Sullivan",The Art of Lean Software Development
W. Daniel Hillis,The Pattern On The Stone: The Simple Ideas That Make Computers Work
Thomas Hobbes,Leviathan
"Dee W. Hock, Visa International",Birth of the Chaordic Age
John Hodgman,The Areas of My Expertise
Paul Hoffman,The Man Who Loved Only Numbers: The Story of Paul Erdos and the Search for Mathematical Truth
Douglas R. Hofstadter,"Gödel, Escher, Bach: An Eternal Golden Braid"
"Gregor Hohpe, Bobby Woolf","Enterprise Integration Patterns: Designing, Building, and Deploying Messaging Solutions"
Denis Hollier,The College of Sociology
Homer,The Odyssey
Ben Horowitz,The Hard Thing About Hard Things: Building a Business When There Are No Easy Answers
Michel Houellebecq,Les Particules Elementaires
Sean Howe,Marvel Comics: The Untold Story
John Hull,Introduction to Futures and Options Markets
"Jez Humble, David Farley","Continuous Delivery: Reliable Software Releases through Build, Test, and Deployment Automation (Addison-Wesley Signature Series (Fowler))"
"David Hume, Eric Steinberg",An Enquiry Concerning Human Understanding: with Hume's Abstract of A Treatise of Human Nature and A Letter from a Gentleman to His Friend in Edinburgh
Christian Hundertmark,Art of Rebellion: The World of Street Art
Jason Hunter,Java Servlet Programming
Aldous Huxley,Brave New World
"MindShare  Inc., Tom Shanley",Protected Mode Software Architecture
"Eugene Ionesco, Gallimard Folio edition","La Cantatrice Chauve + La Lecon by Ionesco, Eugene"
"Eugene Ionesco, Tamar March, Lillian Bulwa",La Cantatrice chauve/La Leçon
"Eugene Ionesco, Reuben Y. Ellison, Stowell C. Goding",Rhinocéros
John Irving,The 158-Pound Marriage
John Irving,The Fourth Hand
John Irving,The Hotel New Hampshire
John Irving,Last Night in Twisted River: A Novel
John Irving,A Prayer for Owen Meany: A Novel
John Irving,Setting Free the Bears
John Irving,Trying to Save Piggy Sneed
John Irving,The Water-Method Man
John Irving,The World According to Garp
Terence Irwin,Classical Thought
A. J. Jacobs,The Know-It-All: One Man's Humble Quest to Become the Smartest Person in the World
Henry James,The Golden Bowl
P.D. James,Death Comes to Pemberley
N. K. Jemisin,The Fifth Season
N. K. Jemisin,The Obelisk Gate
N. K. Jemisin,The Stone Sky
Steven Johnson,"Emergence: The Connected Lives of Ants, Brains, Cities, and Software"
David Cay Johnston,The Making of Donald Trump
Alvin M. Josephy Jr.,The Indian Heritage of America
"James Joyce, Terence Brown",Dubliners
James Joyce,A Portrait of the Artist As a Young Man
James Joyce,Ulysses
Tony Judt,"Past Imperfect: French Intellectuals, 1944-1956"
Miranda July,The First Bad Man: A Novel
Miranda July,No One Belongs Here More Than You: Stories
Franz Kafka,The Castle
Franz Kafka,"Diaries, 1910-1923"
"Franz Kafka, Nahum N. Glatzer",Franz Kafka The Complete Stories
Franz Kafka,"Kafka: Lettters to Friends, Family and Editors"
Franz Kafka,The Trial
Daniel Kahneman,"Thinking, Fast and Slow"
Mindy Kaling,Is Everyone Hanging Out Without Me?
Gary Kamiya,Cool Gray City of Love: 49 Views of San Francisco
"Cem Kaner, James Bach, Bret Pettichord",Lessons Learned in Software Testing: A Context-Driven Approach
Immanuel Kant,Fundamental Principles of the Metaphysics of Morals
Immanuel Kant,Immanuel Kant's Critique of Pure Reason
William Karush,Webster's New World Dictionary of Mathematics
Walter Kaufmann,From Shakespeare to Existentialism
Walter A. Kaufmann,"Nietzsche: Philosopher, Psychologist, Antichrist"
Michael Kay,XPath 2.0 Programmer's Reference
Doug Kaye,Loosely Coupled: The Missing Pieces of Web Services
Etgar Keret,The Bus Driver Who Wanted To Be God & Other Stories
Etgar Keret,The Girl on the Fridge: Stories
Etgar Keret,The Nimrod Flipout: Stories
Etgar Keret,"Suddenly, a Knock on the Door: Stories"
"Brian W. Kernighan, Dennis M. Ritchie","C Programming Language, 2nd Ed"
Jack Kerouac,Lonesome Traveler
Jack Kerouac,The Subterraneans
Jack Kerouac,Visions of Cody
Ken Kesey,One Flew Over the Cuckoo's Nest
Tracy Kidder,The Soul of A New Machine
"Jaegwon Kim, Ernest Sosa",A Companion to Metaphysics
Jaegwon Kim,Philosophy Of Mind
Rudyard Kipling,Kim
Walter Kirn,Up in the Air
"Jon Kleinberg, Éva Tardos",Algorithm Design
Chuck Klosterman,But What If We're Wrong?: Thinking About the Present As If It Were the Past
Chuck Klosterman,Chuck Klosterman IV: A Decade of Curious People and Dangerous Ideas
Chuck Klosterman,Eating the Dinosaur
Chuck Klosterman,Fargo Rock City: A Heavy Metal Odyssey in Rural North Dakota
Chuck Klosterman,I Wear the Black Hat: Grappling with Villains
Chuck Klosterman,Killing Yourself to Live: 85% of a True Story
Chuck Klosterman,"Sex, Drugs, and Cocoa Puffs: A Low Culture Manifesto"
Karl Ove Knausgaard,My Struggle: Book 1
Karl Ove Knausgaard,My Struggle: Book 2: A Man in Love
Karl Ove Knausgaard,My Struggle: Book 3
James Knowlson,Damned to Fame: The Life of Samuel Beckett
Jonathan Knudsen,Java 2D Graphics: Creating High Quality Graphics & Text
Donald E. Knuth,"The Art of Computer Programming, Vol. 1: Fundamental Algorithms, 3rd Edition"
Richard Kraut,The Cambridge Companion to Plato
Saul A. Kripke,Naming and Necessity
"Budi Kurniawan, Paul Deck",How Tomcat Works
Rachel Kushner,The Flamethrowers
Madeleine L'Engle,A Wrinkle in Time: 50th Anniversary Commemorative Edition
Pierre Choderlos de Laclos,Les Liasons Dangereuses
Jhumpa Lahiri,Unaccustomed Earth
Linda Lamb,Learning the vi Editor
Jen Lancaster,"Bitter is the New Black: Confessions of a Condescending, Egomaniacal, Self-Centered Smartass, Or, Why You Should Never Carry A Prada Bag to the Unemployment Office"
"Ian Langworth, chromatic",Perl Testing: A Developer's Notebook
Phil Lapsley,Exploding the Phone: The Untold Story of the Teenagers and Outlaws who Hacked Ma Bell
Erik Larson,"The Devil in the White City: Murder, Magic, and Madness at the Fair That Changed America"
Stieg Larsson,The Girl Who Played with Fire
Ann Leckie,Ancillary Justice
Ann Leckie,Ancillary Mercy
Ann Leckie,Ancillary Sword
Ann Leckie,Provenance
"Rosanna Lee, Scott Seligman",JNDI API Tutorial and Reference: Building Directory-Enabled Java¿ Applications
Dennis Lehane,Sacred
Fritz Leiber,The Big Time
Fritz Leiber,Selected Stories
Michel Leiris,L'Age D'Homme
"Stanislaw Lem, Louis Iribarne",The Chain of Chance
Stanislaw Lem,The Cyberiad
Stanislaw Lem,Fiasco
Stanislaw Lem,The Futurological Congress: From the Memoirs of Ijon Tichy
Stanislaw Lem,Highcastle: A Remembrance
Stanislaw Lem,His Master's Voice
Stanislaw Lem,Hospital Of The Transfiguration
Stanislaw Lem,Memoirs Found in a Bathtub
"Stanislaw Lem, Joel Stern",Memoirs of a Space Traveler: Further Reminiscences of Ijon Tichy
Stanislaw Lem,Mortal Engines
Stanislaw Lem,Peace on Earth
Stanislaw Lem,Solaris
Stanislaw Lem,The Star Diaries
Stanislaw Lem,Tales of Pirx the Pilot
Mikhail Lermontov,Hero of our Time (Everyman's Library (Paper))
Jonathan Lethem,"Gun, with Occasional Music"
Steven Levy,Artificial Life: A Report from the Frontier Where Computers Meet Biology
Leonard C. Lewin,Report from Iron Mountain
"John Lewis, William Loftus",Java Software Solutions
Michael Lewis,The Big Short: Inside the Doomsday Machine
Michael Lewis,Flash Boys
Michael Lewis,Liar's Poker
Michael Lewis,The Money Culture
Michael Lewis,Moneyball: The Art of Winning an Unfair Game
Sinclair Lewis,Arrowsmith
Sinclair Lewis,Babbit
Sinclair Lewis,Main Street
Mark Leyner,"Et Tu, Babe"
Mark Leyner,"My Cousin, My Gastroenterologist: A novel"
"Tim Lindholm, Frank Yellin",The Java™ Virtual Machine Specification
Beth Lisick,Everybody into the Pool: True Tales
Cixin Liu,The Dark Forest
Cixin Liu,Death's End
Cixin Liu,The Three-Body Problem
Larry Livermore,How To Ru(i)n A Record Label: The Story of Lookout Records
"John Locke, George Berkeley, David Hume",The Empiricists: Locke: Concerning Human Understanding; Berkeley: Principles of Human Knowledge & 3 Dialogues; Hume: Concerning Human Understanding & Concerning Natural Religion
Lomography.com,Lomography.com
Michael Lopp,Managing Humans: Biting and Humorous Tales of a Software Engineering Manager
Peter Loshin,TCP/IP Clearly Explained
Howard Phillips Lovecraft,The Call of Cthulhu and Other Weird Stories
Simon Lovell,"How to Cheat at Everything: A Con Man Reveals the Secrets of the Esoteric Trade of Cheating, Scams, and Hustles"
Roger Lowenstein,When Genius Failed: The Rise and Fall of Long-Term Capital Management
Nancy Oestreich Lurie,"Mountain Wolf Woman, Sister of Crashing Thunder: The Autobiography of a Winnebago Indian"
Mark Lutz,Programming Python: Powerful Object-Oriented Programming
Mary Lydon,Skirting The Issue: Essays In Literary Theory
Niccolò Machiavelli,The Prince
Ben Macintyre,A Spy Among Friends: Kim Philby and the Great Betrayal
Malcolm Macpherson,The Black Box: All-New Cockpit Voice Recorder Accounts Of In-flight Accidents
"Bernd Magnus, Kathleen Higgins",The Cambridge Companion to Nietzsche
Hooman Majd,The Ayatollah Begs to Differ: The Paradox of Modern Iran
Ronald Mak,Java Number Cruncher: The Java Programmer's Guide to Numerical Computing
"Dan Malks, Deepak Alur, John Crupi",Core J2EE Patterns: Best Practices and Design Strategies
William Manchester,The Arms of Krupp 1587-1968
Sal Mangano,XSLT Cookbook
Charles C. Mann,1491: New Revelations of the Americas Before Columbus
Thomas Mann,Buddenbrooks: The Decline of a Family
Thomas Mann,Death in Venice and Other Stories
Thomas Mann,The Magic Mountain
Eli Maor,e: The Story of a Number
"Duras Marguerite, Marguerite Duras",Moderato Cantabile
Marivaux,Le Jeu De l'Amour Et Du Hasard
Yann Martel,Life of Pi
George R. R. Martin,A Clash of Kings
George R. R. Martin,A Dance with Dragons
George R. R. Martin,A Feast for Crows: A Song of Ice and Fire
George R. R. Martin,A Storm of Swords
Steve Martin,Born Standing Up: A Comic's Life
Steve Martin,Shopgirl: A Novella
Antonio Garcia Martinez,Chaos Monkeys: Obscene Fortune and Random Failure in Silicon Valley
Guy De Maupassant,Boule De Suif Et Autres Nouvelles
Pete McBreen,Software Craftsmanship: The New Imperative
Cormac McCarthy,No Country for Old Men
Ian McDonald,Ares Express
Ian McDonald,Cyberabad Days
Ian McDonald,The Dervish House
Ian McDonald,Desolation Road
Ian McDonald,Luna: New Moon
Ian McDonald,River of Gods
Ian McEwan,Solar
"Bethany McLean, Peter Elkind",The Smartest Guys in the Room: The Amazing Rise and Scandalous Fall of Enron
Dennis McNally,A Long Strange Trip: The Inside History of the Grateful Dead
Chris Marchioni MD,Ava the Avocado: A Healthy Learning Paths Book
Jon Meacham,Thomas Jefferson: The Art of Power
David Megginson,"Imperfect XML: Rants, Raves, Tips, and Tricks ... from an Insider"
Herman Melville,Billy Budd and Other Stories
Herman Melville,Moby-Dick
"Daniel A. Menasce, Lawrence W. Dowdy, Virgilio A.F. Almeida",Performance by Design: Computer Capacity Planning By Example
Marc Mercuri,Beginning Information Cards and CardSpace: From Novice to Professional
David Michaelis,Schulz and Peanuts: A Biography
China Mieville,Embassytown
China Mieville,King Rat
China Miéville,The City & The City
China Miéville,Iron Council
China Miéville,Kraken
China Miéville,The Last Days of New Paris
China Miéville,Looking for Jake: Stories
China Miéville,Perdido Street Station
China Miéville,Railsea
China Miéville,The Scar
China Miéville,Three Moments of an Explosion: Stories
China Miéville,Un Lun Dun
Barry Miles,William Burroughs: El Hombre Invisible
Walter M. Miller Jr.,A Canticle for Leibowitz
Jason Miller,Red Dog: A Slim in Little Egypt Mystery
Czeslaw Milosz,Road-side Dog
Milton,"The Portable Milton (Includes Paradise Lost, Paradise Regained, Samson Agonistes and Comus; All Early poems and Sonnets; Areopagitia, and more))"
M. Minnaert,The Nature of Light and Colour in the Open Air
Vernon Hyde Minor,Art History's History
David Mitchell,Black Swan Green
David Mitchell,The Bone Clocks: A Novel
David Mitchell,Cloud Atlas: A Novel
David Mitchell,Ghostwritten
David Mitchell,Number9Dream
David Mitchell,Slade House: A Novel
David Mitchell,"The Thousand Autumns of Jacob De Zoet, A Novel"
Kevin Mitnick,Ghost in the Wires: My Adventures as the World's Most Wanted Hacker
Moliere,Le Misanthrope
Simon Sebag Montefiore,Stalin: The Court of the Red Tsar
Montesquieu,Lettres Persanes
Geoffrey A. Moore,"Crossing the Chasm, 3rd Edition: Marketing and Selling Disruptive Products to Mainstream Customers"
Paul Morand,Champions du Monde
Nick Morgan,Javascript pour les Kids
Desmond Morris,The Human Zoo
Desmond Morris,The Naked Ape
Peter Morville,Ambient Findability: What We Find Changes Who We Become
"Jon Mountjoy, Avinash Chugh",WebLogic: The Definitive Guide
Haruki Murakami,The Elephant Vanishes: Stories
Charles Murray,"Coming Apart: The State of White America, 1960-2010"
Peter Nabokov,Native American Testimony: A Chronicle of Indian-White Relations from Prophecy to the Present
Vladimir Nabokov,The Defense
Vladimir Nabokov,Pale Fire
Vladimir Nabokov,Pnin
Vladimir Nabokov,Speak Memory an Autobiography By Vladimir Nabokov
"Ernest Nagel, James R. Newman",Godel's Proof
"Friedrich Nietzsche, Walter Kaufmann",Basic Writings of Nietzsche
Friedrich Nietzsche,Philosophical Writings: Friedrich Nietzsche
Friedrich Nietzsche,The Portable Nietzsche
Anaïs Nin ,Delta of Venus
Trevor Noah,Born a Crime: Stories from a South African Childhood
Peter Norvig,Paradigms of Artificial Intelligence Programming: Case Studies in Common Lisp
Joyce Carol Oates,"Wild Nights! Deluxe Edition: Stories About the Last Days of Poe, Dickinson, Twain, James, and Hemingway"
Chris Okasaki,Purely Functional Data Structures
"Andy Oram, Greg Wilson",Beautiful Code: Leading Programmers Explain How They Think (Theory in Practice (O'Reilly))
George Orwell,1984
George Orwell,Animal Farm
Jason Ouellette,Development with the Force.com Platform: Building Business Applications in the Cloud
Orhan Pamuk,My Name Is Red
Orhan Pamuk,Snow
Rajesh Parameswaran,I Am an Executioner: Love Stories
Sanjay Patel,The Little Book of Hindu Deities: From the Goddess of Wealth to the Sacred Cow
Alan Paton,"Cry, the Beloved Country"
Milorad Pavic,"Dictionary of the Khazars: A Lexicon Novel in 100,000 Words"
Matt Pearson,Generative Art: A Practical Guide Using Processing
"Jerry Peek, Tim O'Reilly, Mike Loukides",UNIX  PowerTools
"Roger Penrose, Martin Gardner","The Emperor's New Mind: Concerning Computers, Minds, and the Laws of Physics"
Charles Perrault,Contes
"Elizabeth Xu Ph.D., Patricia Zimmerman",Myths of the Promotion: 10 Steps to a Successful Career
Tom Phillips,"A Humument: A Treated Victorian Novel, Fourth Edition"
James Smith Pierce,From Abacus to Zeus 5ED
Thomas Piketty,Capital in the Twenty First Century
Daniel H. Pink,To Sell Is Human: The Surprising Truth About Moving Others
Robert Pinsky,The Sounds of Poetry: A Brief Guide
Plato,Theatetus
Chaim Potok,The Chosen
Ezra Pound,The Cantos of Ezra Pound
Gareth L Powell,Ack-Ack Macaque
Gareth L Powell,Hive Monkey
Gareth L. Powell,Macaque Attack!
"Adobe Press, Andrew Faulkner",Official Adobe Electronic Publishing Guide: The Essential Resource for Electronic Publishing
Jacques Prevert,Paroles
Antoine-Francois Prevost,Histoire du chevalier Des Greux et de Manon Lescaut
David A. Price,The Pixar Touch: The Making of a Company
Marcel Proust,"A L'Ombre des Jeunes Filles en Fleurs (Folio Series, No.1946) (Folio (Gallimard)) (French Edition)"
Marcel Proust,Albertine Disparue: La Fugitive (Folio) (French Edition) (Folio (Gallimard))
Marcel Proust,Le Cote De Guermantes (Folio (Gallimard)) (French Edition)
Marcel Proust,Du Cote De Chez Swann
Marcel Proust,Plaisirs Et Les Jours (Folio (Gallimard)) (English and French Edition)
Marcel Proust,La Prisonnière
Marcel Proust,Remembrance of Things Past
Marcel Proust,Sodome Et Gomorrhe/ Sodom and Gomorrah
Marcel Proust,Le Temps Retrouve
Thomas Pynchon,Gravity's Rainbow
"Racine, Alain Viala",Andromaque
Jean Racine,Phedre
Raymond Radiguet,"Diable Au Corps, Le"
Ragnar,Kings of the Road
Hannu Rajaniemi,The Causal Angel
Hannu Rajaniemi,The Fractal Prince
Hannu Rajaniemi,The Quantum Thief
David Rakoff,"Don't Get Too Comfortable: The Indignities of Coach Class, The Torments of Low Thread Count, The Never- Ending Quest for Artisanal Olive Oil, and Other First World Problems"
David Rakoff,Fraud: Essays
Ayn Rand,Atlas Shrugged
Ayn Rand,The Fountainhead
Ayn Rand,We the Living Publisher: Signet; 60 Anv edition
Jef Raskin,The Humane Interface: New Directions for Designing Interactive Systems
Donald G. Reinertsen,The Principles of Product Development Flow: Second Generation Lean Product Development
David Rensin,All for a Few Perfect Waves: The Audacious Life and Legend of Rebel Surfer Miki Dora
Mitchel Resnick,"Turtles, Termites, and Traffic Jams: Explorations in Massively Parallel Microworlds"
Alastair Reynolds,Blue Remembered Earth
Alastair Reynolds,Century Rain
"Alastair Reynolds, Ann A. Broomhead","Deep Navigation, Second Edition"
Alastair Reynolds,"Diamond Dogs, Turquoise Days"
Alastair Reynolds,House of Suns
Alastair Reynolds,On the Steel Breeze
Alastair Reynolds,Poseidon's Wake
Alastair Reynolds,Pushing Ice
Alastair Reynolds,Redemption Ark
Alastair Reynolds,Revelation Space
Alastair Reynolds,Slow Bullets
Alastair Reynolds,Terminal World
Alastair Reynolds,Troika
Paul Richins Jr.,50 Classic Backcountry Ski and Snowboard Summits in California: Mount Shasta to Mount Whitney
Matt Ridley,The Red Queen: Sex and the Evolution of Human Nature
"Tim Riley, Adam Goucher",Beautiful Testing: Leading Professionals Reveal How They Improve Software
Mary Roach,Stiff: The Curious Lives of Human Cadavers
Arnold Robbins,vi Editor Pocket Reference (Pocket Reference (O'Reilly))
Kim Stanley Robinson,Aurora
Lawrence H. Rodrigues,"Building Imaging Applications with Java(TM) Technology: Using AWT Imaging, Java 2D(TM), and Java(TM) Advanced Imaging (JAI)"
Phyllis Rose,The Shelf: From LEQ to LES: Adventures in Extreme Reading
John D. Rosenberg,The Genius of John Ruskin: Selections from His Writings
Scott Rosenberg,"Dreaming in Code: Two Dozen Programmers, Three Years, 4,732 Bugs, and One Quest for Transcendent Software"
Leo Rosten,The Joys of Yiddish
Roxy,Surf Girl Roxy
Juan Rulfo,Pedro Paramo
Salman Rushdie,Midnight's Children: A Novel
Salman Rushdie,Two Years Eight Months and Twenty-Eight Nights: A Novel
Douglas Rushkoff,Get Back in the Box: Innovation from the Inside Out
Bertrand Russell,Introduction to Mathematical Philosophy
Marquis de Sade,Juliette
J.D. Salinger,The Catcher in the Rye
Sheryl Sandberg,"Lean In: Women, Work, and the Will to Lead"
Aksel Sandemose,The Werewolf
Luc Sante,Low Life: Lures and Snares of Old New York
Nathalie Sarraute,Childhood
Jean-Paul Sartre,Anti-Semite and Jew: An Exploration of the Etiology of Hate
Jean-Paul Sartre,Being and Nothingness
Jean-Paul Sartre,The Emotions: Outline Of A Theory
Jean-Paul Sartre,"Huis Clos, suivi de Les Mouches"
Jean-Paul Sartre,Le Mur
Jean-Paul Sartre,Nausea
Jean-Paul Sartre,No Exit and Three Other Plays
Jean-Paul Sartre,The Transcendence of the Ego: An Existentialist Theory of Consciousness
Jean-Paul Sartre,The Wall: (Intimacy) and Other Stories (New Directions Paperbook)
Madan Sarup,An Introductory Guide to Post-Structuralism and Postmodernism
George Saunders,The Braindead Megaphone
George Saunders,The Brief and Frightening Reign of Phil
George Saunders,CivilWarLand in Bad Decline
George Saunders,In Persuasion Nation
George Saunders,Tenth of December: Stories
"Elias E. Savellos, Umit D. Yalcin",Supervenience: New Essays
John Scalzi,Redshirts: A Novel with Three Codas
Richard Scarry,Richard Scarry's Cars and Trucks and Things That Go
Richard Scarry,Richard Scarry's What Do People Do All Day?
Richard Schacht,"Nietzsche, Genealogy, Morality: Essays on Nietzsche's On the Genealogy of Morals"
Kate Schatz,"Rad Women Worldwide: Artists and Athletes, Pirates and Punks, and Other Revolutionaries Who Shaped History"
Wolfgang Schirmacher,Philosophical Writings: Arthur Schopenhauer
"Eric Schmidt, Jonathan Rosenberg",How Google Works
Arthur Schopenhauer,On the Basis of Morality
Arthur Schopenhauer,"The World as Will and Representation, Vol. 1"
Arthur Schopenhauer,"The World as Will and Representation, Vol. 2"
Bruno Schulz,Sanatorium Under the Sign of the Hourglass
Bruno Schulz,The Street of Crocodiles
Joseph A. Schumpeter,"Capitalism, Socialism, and Democracy: Third Edition"
Ken Schwaber,Agile Project Management with Scrum
Chris  Matthew Sciabarra,Ayn Rand: The Russian Radical
Roger Scruton,A Short History of Modern Philosophy: From Descartes to Wittgenstein
"Robert W. Sebesta, Addison Wesley",Concepts of Programming Languages
Alice Sebold,The Lovely Bones
David Sedaris,Me Talk Pretty One Day
David Sedaris,When You Are Engulfed in Flames
"Robert Sedgewick, Kevin Wayne",Algorithms
Robert Sedgewick,"Algorithms in Java, Part 5: Graph Algorithms"
"Toby Segaran, Jeff Hammerbacher",Beautiful Data: The Stories Behind Elegant Data Solutions
Toby Segaran,Programming Collective Intelligence: Building Smart Web 2.0 Applications
Peter Seibel,Coders at Work: Reflections on the Craft of Programming
Lucius Annaeus Seneca,Letters from a Stoic
William Shakespeare,The Complete Works of William Shakespeare Volume 1
John Shand,Philosophy and Philosophers: An Introduction to Western Philosophy
S.G. Shanker,Gödel's Theorem in Focus
"Claude E Shannon, Warren Weaver, Shannon",The Mathematical Theory of Communication
"Robert Shapard, James Thomas",Flash Fiction Forward: 80 Very Short Stories
"Dave Shea, Molly E. Holzschlag",The Zen of CSS Design: Visual Enlightenment for the Web
Jim Shepard,"Like You'd Understand, Anyway"
William L Shirer,Collapse of the Third Republic: An Inquiry into the Fall of France in 1940
William L. Shirer,The Rise and Fall of the Third Reich: A History of Nazi Germany
Gary Shteyngart,Absurdistan: A Novel
Kathy Sierra,Badass: Making Users Awesome
Nate Silver,The Signal and the Noise: Why So Many Predictions Fail - But Some Don't
Dan Simmons,Darwin's Blade
Dan Simmons,Drood
Dan Simmons,Endymion
Dan Simmons,The Fall of Hyperion
Dan Simmons,Hard as Nails: A Joe Kurtz Novel
Dan Simmons,Hard Freeze
Dan Simmons,Hardcase
Dan Simmons,The Hollow Man
Dan Simmons,Hyperion
Dan Simmons,Ilium
Dan Simmons,Olympos
Dan Simmons,The Rise of Endymion
Dan Simmons,Song of Kali
Dan Simmons,The Terror: A Novel
Scott Simon,"Unforgettable: A Son, a Mother, and the Lessons of a Lifetime"
Simon Singh,The Code Book: The Science of Secrecy from Ancient Egypt to Quantum Cryptography
George Singleton,The Half-Mammals of Dixie
Eric Sink,Eric Sink on the Business of Software
Evan Slater,Swell: A Year of Waves
"Mark Smith, Timothy A. Howes Ph.D.",LDAP: Programming Directory-Enabled Apps
Richard E. Smith,Internet Cryptography
Kevin Smokler,Bookmark Now: Writing in Unreaderly Times: A Collection of All Original Essays from Today's (and Tomorrow's) Young Authors on the State of the Art ... Hustle--in the Age of Information Overload
Dava Sobel,Longitude: The True Story of a Lone Genius Who Solved the Greatest Scientific Problem of His Time
Mark G. Sobell,A Practical Guide to the UNIX System
Rebecca Solnit,Call Them by Their True Names: American Crises
Rebecca Solnit,Infinite City: A San Francisco Atlas
Rebecca Solnit,Men Explain Things to Me
Rebecca Solnit,A Paradise Built in Hell: The Extraordinary Communities That Arise in Disaster
Rebecca Solnit,Wanderlust: A History of Walking
Susan Sontag,Death Kit
Susan Sontag,On Photography
"Sophocles, Henry Taylor, Armand Schwerner, Brendan Galvin, David R. Slavitt","Sophocles, 1 : Ajax, Women of Trachis, Electra, Philoctetes"
Steve Souders,High Performance Web Sites: Essential Knowledge for Front-End Engineers
Albert Speer,Inside the Third Reich
Albert Speer,Spandau: The Secret Diaries
"Diomidis Spinellis, Georgios Gousios",Beautiful Architecture: Leading Thinkers Reveal the Hidden Beauty in Software Design
Avram Joel Spolsky,The Best Software Writing I: Selected and Introduced by Joel Spolsky
Avram Joel Spolsky,"More Joel on Software: Further Thoughts on  Diverse and Occasionally Related Matters That Will Prove of Interest to Software Developers, Designers, ... or Ill Luck, Work with Them in Some Capacity"
Avram Joel Spolsky,Smart and Gets Things Done: Joel Spolsky's Concise Guide to Finding the Best Technical Talent
Joel Spolsky,"Joel on Software: And on Diverse and Occasionally Related Matters That Will Prove of Interest to Software Developers, Designers, and Managers, and to Those Who, Whether by Good Fortune or Ill Luck, Work with Them in Some Capacity"
Sriram Srinivasan,Advanced Perl Programming
"Simon Stalenhag, Simon Stålenhag",Tales from the Loop
Simon Stålenhag,Things from the Flood
Jim Starlin,Cosmic Odyssey
John Steinbeck,The Grapes of Wrath
John Steinbeck,"Steinbeck, The Short Novels of John"
John Steinbeck,The Winter Of Our Discontent
"Andrew Stellman, Jennifer Greene",Beautiful Teams: Inspiring and Cautionary Tales from Veteran Team Leaders
Neal Stephenson,Anathem
Neal Stephenson,The Confusion
Neal Stephenson,"The Diamond Age: Or, a Young Lady's Illustrated Primer"
Neal Stephenson,Quicksilver
Neal Stephenson,Reamde: A Novel
Neal Stephenson,Seveneves: A Novel
Neal Stephenson,Snow Crash
Neal Stephenson,The System of the World
"Laurence Sterne, Christopher Ricks","The Life and Opinions of Tristram Shandy, Gentleman"
Wallace Stevens,The Collected Poems of Wallace Stevens
Biz Stone,Things a Little Bird Told Me: Confessions of the Creative Mind
Brad Stone,The Everything Store: Jeff Bezos and the Age of Amazon
Peter Strawson,The Bounds of Sense: An Essay on Kant's Critique of Pure Reason
Charles Stross,Accelerando
Charles Stross,The Annihilation Score
Charles Stross,The Apocalypse Codex
Charles Stross,The Atrocity Archives
Charles Stross,The Fuller Memorandum
Charles Stross,Halting State
Charles Stross,Iron Sunrise
Charles Stross,The Jennifer Morgue
Charles Stross,Neptune's Brood
Charles Stross,The Rhesus Chart
Charles Stross,Rule 34
Charles Stross,Saturn's Children
Charles Stross,Scratch Monkey
Charles Stross,Singularity Sky
Charles Stross,Wireless
"Arkady Strugatsky, Boris Strugatsky",The Dead Mountaineer's Inn: One More Last Rite for the Detective Genre
"Arkady Strugatsky, Strugatsky Boris",Definitely Maybe
"Arkady Strugatsky, Boris Strugatsky",The Doomed City
"Arkady Strugatsky, Boris Strugatsky",Far Rainbow
"Arkady Strugatsky, Boris Strugatsky",Roadside Picnic
William Styron,The Confessions of Nat Turner
John Jeremiah Sullivan,Pulphead: Essays
Patrick Suskind,Perfume: The Story of a Murderer
Mikkel Svane,Startupland: How Three Guys Risked Everything to Turn an Idea into a Global Business
David F. Swenson,Something About Kierkegaard
Jean-Yves Tadie,Marcel Proust: Biographie
David Talbot,"Season of the Witch: Enchantment, Terror, and Deliverance in the City of Love"
Nassim Nicholas Taleb,Antifragile: Things That Gain from Disorder
Nassim Nicholas Taleb,"The Black Swan: Second Edition: The Impact of the Highly Improbable: With a new section: ""On Robustness and Fragility"""
Andrew S. Tanenbaum,Modern Operating Systems
Bruce Tate,Seven Languages in Seven Weeks: A Pragmatic Guide to Learning Programming Languages
"Bruce Tate, Justin Gehtland",Spring: A Developer's Notebook
"Alexander Taub, Ellen DaSilva","Pitching and Closing: Everything You Need to Know About Business Development, Partnerships, and Making Deals that Matter"
Adobe Creative Team,Official Adobe Print Publishing Guide
"Dennis Tedlock, Barbara Tedlock",Teachings from the American Earth: Indian Religion and Philosophy
"Toby J. Teorey, Sam S. Lightstone, Tom Nadeau, H.V. Jagadish","Database Modeling and Design, Fifth Edition: Logical Design"
Studs Terkel,Hard Times: An Oral History of the Great Depression
"Thucydides, M. I. Finley",History of the Peloponnesian War
James Tiptree Jr.,Her Smoke Rose Up Forever
Alvin Toffler,Future Shock
John Toland,Adolf Hitler Vol II
John Toland,"Adolf Hitler, Vol. 1"
John Kennedy Toole,A Confederacy of Dunces
"Linus Torvalds, David Diamond",Just for Fun: The Story of an Accidental Revolutionary
Nick Tosches,Where Dead Voices Gather
Bruce Tremper,"Staying Alive in Avalanche Terrain, 2nd Ed."
Edward R. Tufte,Beautiful Evidence
Edward R. Tufte,Envisioning Information
Edward R. Tufte,The Visual Display of Quantitative Information
Edward R. Tufte,"Visual Explanations: Images and Quantities, Evidence and Narrative"
Homer Ulrich,Symphonic Music
John Updike,The Coup: A Novel
John Updike,Rabbit at Rest
John Updike,Rabbit Is Rich
John Updike,Rabbit Redux
John Updike,"Rabbit, Run"
Leon Uris,Trinity
Jeff VanderMeer,Annihilation: A Novel
Jeff VanderMeer,Authority: A Novel
Jeff VanderMeer,Borne: A Novel
Jeff VanderMeer,City of Saints and Madmen
Jeff VanderMeer,Finch
Jeff VanderMeer,Shriek: An Afterword
Jeff VanderMeer,The Third Bear
Jeff VanderMeer,Veniss Underground
Abraham Verghese,Cutting for Stone
Vernor Vinge,The Children of the Sky
Vernor Vinge,The Collected Stories of Vernor Vinge
Vernor Vinge,Deepness in the Sky
Vernor Vinge,A Fire Upon The Deep
Vernor Vinge,Marooned in Realtime
Vernor Vinge,The Peace War
Vernor Vinge,Rainbows End: A Novel With One Foot In The Future
Vernor Vinge,Tatja Grimm's World
Vernor Vinge,The Witling
Georgi Vladimov,Faithful Ruslan
Ellen Bryant Voigt,Headwaters: Poems
Voltaire,Candide
Voltaire,Candide: Or Optimism
Kurt Vonnegut,Breakfast of Champions: A Novel
Kurt Vonnegut,Cat's Cradle: A Novel
Kurt Vonnegut,Galapagos: A Novel
Kurt Vonnegut,"God Bless You, Mr. Rosewater"
Kurt Vonnegut,Player Piano: A Novel
Kurt Vonnegut,Slaughterhouse-Five
Kurt Vonnegut,Slaughterhouse-Five: A Novel
Kurt Vonnegut,"Wampeters, Foma & Granfalloons:"
Sarah Vowell,Assassination Vacation
Sarah Vowell,Lafayette in the Somewhat United States
Sarah Vowell,The Partly Cloudy Patriot
Sarah Vowell,Radio On: A Listener's Diary
Sarah Vowell,Take the Cannoli: Stories From the New World
Sarah Vowell,The Wordy Shipmates
Frans B. M. de Waal,Good Natured: The Origins of Right and Wrong in Humans and Other Animals
M. Mitchell Waldrop,Complexity: The Emerging Science at the Edge of Order and Chaos
"Larry Wall, Tom Christiansen, Jon Orwant",Programming Perl
"Craig Walls, Ryan Breidenbach",Spring in Action
"David Ward, Noel Radomski",Proud Traditions and Future Challenges: The University of Wisconsin–Madison Celebrates 150 Years
Dean Wareham,Black Postcards: A Rock & Roll Romance
"David Weinberger, Rick Levine, Christopher Locke, Doc Searls",The Cluetrain Manifesto
Nathanael West,Miss Lonelyhearts & the Day of the Locust
Scott Westerfeld,The Killing of Worlds: Book Two of Succession
Scott Westerfeld,The Risen Empire
Edmund White,Genet: A Biography
"Mark Wilcox, Marc Wilcox",Implementing LDAP
Sam Williams,Free as in Freedom: Richard Stallman's Crusade for Free Software
Edwin Williamson,Borges: A Life
Connie Willis,All Clear
Connie Willis,Blackout
"Paul Wilmott, Sam Howison, Jeff Dewynne",The Mathematics of Financial Derivatives: A Student Introduction
Laura Wingerd,Practical Perforce: Channeling the Flow of Change in Software Development Collaboration
Patrick Winston,Artificial Intelligence
"Patrick Winston, Berthold Horn",Lisp
Ben H. Winters,Countdown City: The Last Policeman Book II
Ben H. Winters,The Last Policeman
Ben H. Winters,World of Trouble: The Last Policeman Book III
"Liz Wiseman, Greg Mckeown",Multipliers: How the Best Leaders Make Everyone Smarter
Ludwig Wittgenstein,The Blue and Brown Books
Ludwig Wittgenstein,Tractatus Logico-Philosophicus: German and English
Monique Wittig,L'opoponax: Roman
Michael Wolff,Burn Rate: How I Survived the Gold Rush Years on the Internet
Stephen Wolfram,A New Kind of Science
Stanley Wolpert,A New History of India
"Bob Woodward, Carl Bernstein",All the President's Men
"Bob Woodward, Carl Bernstein",The Final Days
Virginia Woolf,Mrs. Dalloway
Virginia Woolf,A Room of One's Own
J. Patrick Wright,On a Clear Day You Can See General Motors: John Z. DeLorean's Look Inside the Automotive Giant
"Malcolm X, Alex Haley, Attallah Shabazz",The Autobiography of Malcolm X: As Told to Alex Haley
Toby Young,How to Lose Friends & Alienate People
Nicholas C. Zakas,Professional JavaScript for Web Developers
Roger Zelazny,Creatures of Light and Darkness
Roger Zelazny,"The Doors of His Face, The Lamp of His Mouth"
Roger Zelazny,"The Great Book of Amber: The Complete Amber Chronicles, 1-10"
Roger Zelazny,Last Defender of Camelot
Roger Zelazny,Lord of Light
Cecily von Ziegesar,Gossip Girl: Because I'm Worth It
Jonathan Zittrain,The Future of the Internet--And How to Stop It
Stefan Zweig,The Collected Stories of Stefan Zweig
